{
    "questions": [
      {
        "question": "The Earth is flat.",
        "answer": "false"
      },
      {
        "question": "Elephants can fly.",
        "answer": "false"
      },
      {
        "question": "The sun rises in the east.",
        "answer": "true"
      },
      {
        "question": "Water boils at 100 degrees Celsius.",
        "answer": "true"
      },
      {
        "question": "Dolphins are fish.",
        "answer": "false"
      },
      {
        "question": "Mount Everest is the tallest mountain in the world.",
        "answer": "true"
      },
      {
        "question": "The human body has 206 bones.",
        "answer": "true"
      },
      {
        "question": "The Great Wall of China can be seen from space.",
        "answer": "false"
      },
      {
        "question": "A tomato is a fruit.",
        "answer": "true"
      },
      {
        "question": "The United States has 50 states.",
        "answer": "true"
      }
    ]
  }
